Driver,Team,Compound,LapNumber,TyreLife,TyreLifeSquared,Stint,Position,TrackStatus,IsPitLap,IsGreenFlag,RaceProgress,StintLength,StintProgress,DriverMedianPace,TeamMedianPace,PreviousLapTime,Rolling3LapAvg,Rolling5LapAvg,ActualLapTimeSeconds,PredictedLapTimeSeconds,PredictionErrorSeconds
RUS,Mercedes,HARD,70.0,2.0,4.0,3.0,11.0,1,0,1,0.8974358974358975,8.0,0.25,78.479,78.865,78.119,80.893,78.1754,74.303,75.35132000000002,-1.0483200000000181
PIA,McLaren,MEDIUM,3.0,3.0,9.0,1.0,3.0,6,0,0,0.0384615384615384,20.0,0.15,75.113,75.19,106.466,96.3035,96.3035,108.176,109.06151999999983,-0.8855199999998291
ALB,Williams,HARD,51.0,11.0,121.0,3.0,11.0,1,0,1,0.6538461538461539,36.0,0.3055555555555556,77.086,77.07499999999999,79.166,79.19766666666665,79.2196,79.828,80.04819999999997,-0.22019999999996287
TSU,Red Bull Racing,HARD,10.0,9.0,81.0,2.0,17.0,2,0,0,0.1282051282051282,72.0,0.125,78.811,76.63900000000001,79.611,80.70633333333332,79.8126,81.823,81.01851666666659,0.8044833333334083
LAW,Racing Bulls,HARD,67.0,28.0,784.0,3.0,8.0,1,0,1,0.8589743589743589,37.0,0.7297297297297297,76.82400000000001,77.0135,76.955,77.75633333333333,77.5488,77.409,77.05293333333334,0.3560666666666634
COL,Alpine,HARD,12.0,12.0,144.0,1.0,14.0,1,0,1,0.1538461538461538,13.0,0.9230769230769232,78.351,78.36500000000001,79.851,81.58566666666667,81.3318,79.827,79.32339999999989,0.5036000000001053
NOR,McLaren,HARD,31.0,12.0,144.0,2.0,1.0,1,0,1,0.3974358974358974,31.0,0.3870967741935484,75.237,75.19,77.259,75.88466666666666,75.40060000000001,76.797,76.49976666666657,0.2972333333334234
PIA,McLaren,HARD,40.0,20.0,400.0,2.0,3.0,1,0,1,0.5128205128205128,28.0,0.7142857142857143,75.113,75.19,74.594,74.82166666666666,74.87819999999999,74.344,74.62274333333323,-0.27874333333323875
COL,Alpine,MEDIUM,14.0,8.0,64.0,2.0,19.0,1,1,1,0.1794871794871795,13.0,0.0769230769230769,78.351,78.36500000000001,95.917,85.19833333333334,84.1002,80.062,79.61199999999987,0.45000000000013074
BOR,Kick Sauber,MEDIUM,51.0,16.0,256.0,4.0,17.0,1,0,1,0.6538461538461539,41.0,0.3902439024390244,78.214,78.33349999999999,79.679,78.70200000000001,79.2172,80.698,80.3036633333335,0.39433666666649003
ALB,Williams,MEDIUM,31.0,35.0,1225.0,1.0,8.0,1,0,1,0.3974358974358974,32.0,0.96875,77.086,77.07499999999999,76.888,76.85266666666666,77.0014,76.87,76.78588333333333,0.08411666666667372
LAW,Racing Bulls,HARD,61.0,22.0,484.0,3.0,8.0,1,0,1,0.782051282051282,37.0,0.5675675675675675,76.82400000000001,77.0135,76.672,77.04266666666666,76.9342,76.173,76.88011333333336,-0.7071133333333535
HAD,Racing Bulls,HARD,68.0,50.0,2500.0,3.0,6.0,1,0,1,0.8717948717948718,58.0,0.8448275862068966,77.2385,77.0135,79.017,78.22066666666666,78.2064,77.28,77.65602666666683,-0.3760266666668315
HUL,Kick Sauber,SOFT,65.0,21.0,441.0,3.0,17.0,1,0,1,0.8333333333333334,32.0,0.65625,78.508,78.33349999999999,80.147,80.306,79.6934,77.571,79.12767333333345,-1.5566733333334497
ALO,Aston Martin,HARD,3.0,4.0,16.0,1.0,6.0,6,0,0,0.0384615384615384,16.0,0.1875,77.033,78.116,107.072,97.702,97.702,109.211,109.18989333333334,0.02110666666665395
BEA,Haas F1 Team,MEDIUM,66.0,49.0,2401.0,3.0,14.0,1,0,1,0.8461538461538461,59.0,0.8305084745762712,78.369,77.648,77.177,78.139,78.2992,77.748,77.24580333333337,0.5021966666666344
LAW,Racing Bulls,MEDIUM,10.0,10.0,100.0,1.0,9.0,2,0,0,0.1282051282051282,31.0,0.3225806451612903,76.82400000000001,77.0135,84.55,82.13600000000001,81.7432,81.421,81.35241666666674,0.06858333333326527
NOR,McLaren,HARD,21.0,2.0,4.0,2.0,3.0,1,0,1,0.2692307692307692,31.0,0.064516129032258,75.237,75.19,78.033,81.85566666666666,79.028,75.259,75.02506333333338,0.23393666666662227
HAD,Racing Bulls,SOFT,18.0,7.0,49.0,2.0,6.0,1,0,1,0.2307692307692307,5.0,0.8,77.2385,77.0135,77.191,77.64766666666667,80.8206,76.372,76.9344533333334,-0.5624533333333943
TSU,Red Bull Racing,HARD,56.0,55.0,3025.0,2.0,13.0,1,0,1,0.717948717948718,72.0,0.7638888888888888,78.811,76.63900000000001,78.811,79.25733333333334,79.986,78.408,78.49431666666668,-0.0863166666666757
HAM,Ferrari,HARD,7.0,7.0,49.0,1.0,7.0,1,0,1,0.0897435897435897,18.0,0.3888888888888889,75.694,75.47,80.225,85.33733333333333,95.3322,80.931,79.99494333333337,0.9360566666666301
ALO,Aston Martin,HARD,5.0,6.0,36.0,1.0,6.0,1,0,1,0.0641025641025641,16.0,0.3125,77.033,78.116,99.675,105.31933333333332,101.0725,80.94,80.57576000000009,0.36423999999990997
HUL,Kick Sauber,SOFT,62.0,18.0,324.0,3.0,18.0,1,0,1,0.7948717948717948,32.0,0.5625,78.508,78.33349999999999,79.041,78.94533333333334,78.6878,81.565,79.33898000000015,2.226019999999849
RUS,Mercedes,HARD,48.0,48.0,2304.0,1.0,10.0,1,0,1,0.6153846153846154,53.0,0.9056603773584906,78.479,78.865,79.959,79.48,79.2012,77.477,79.01929999999997,-1.542299999999969
RUS,Mercedes,HARD,51.0,51.0,2601.0,1.0,10.0,1,0,1,0.6538461538461539,53.0,0.9622641509433962,78.479,78.865,75.966,76.94066666666667,78.014,76.095,76.72418999999996,-0.6291899999999657
BEA,Haas F1 Team,HARD,11.0,10.0,100.0,2.0,18.0,21,0,0,0.141025641025641,16.0,0.625,78.369,77.648,79.555,78.10833333333333,76.84760000000001,80.017,78.96276666666675,1.0542333333332436
COL,Alpine,MEDIUM,20.0,14.0,196.0,2.0,17.0,1,0,1,0.2564102564102564,13.0,0.5384615384615384,78.351,78.36500000000001,78.851,78.24966666666666,77.1386,79.296,78.52901666666652,0.766983333333485
HUL,Kick Sauber,HARD,32.0,20.0,400.0,2.0,15.0,1,0,1,0.4102564102564102,32.0,0.625,78.508,78.33349999999999,79.889,80.00999999999999,79.75319999999999,80.602,79.38183999999991,1.2201600000000923
OCO,Haas F1 Team,HARD,41.0,13.0,169.0,3.0,7.0,1,0,1,0.5256410256410257,49.0,0.2653061224489796,77.3325,77.648,76.525,77.07766666666667,76.9158,78.126,77.17089000000011,0.9551099999998911
PIA,McLaren,HARD,34.0,14.0,196.0,2.0,3.0,1,0,1,0.4358974358974359,28.0,0.5,75.113,75.19,76.325,76.294,75.6972,75.947,75.8634566666666,0.08354333333340946
OCO,Haas F1 Team,MEDIUM,4.0,4.0,16.0,1.0,8.0,671,0,0,0.0512820512820512,16.0,0.25,77.3325,77.648,109.187,103.54666666666668,103.54666666666668,95.23,94.60028999999994,0.6297100000000597
ALO,Aston Martin,HARD,28.0,13.0,169.0,2.0,6.0,1,0,1,0.358974358974359,20.0,0.6,77.033,78.116,76.744,76.90733333333334,77.2834,76.414,76.74228333333322,-0.3282833333332178
NOR,McLaren,HARD,25.0,6.0,36.0,2.0,2.0,1,0,1,0.3205128205128205,31.0,0.1935483870967742,75.237,75.19,75.22,75.127,75.7346,74.4,75.15773333333341,-0.7577333333334053
RUS,Mercedes,HARD,8.0,8.0,64.0,1.0,13.0,12,0,0,0.1025641025641025,53.0,0.1509433962264151,78.479,78.865,81.214,80.84666666666666,89.554,80.793,81.12756333333341,-0.3345633333334064
NOR,McLaren,HARD,24.0,5.0,25.0,2.0,2.0,1,0,1,0.3076923076923077,31.0,0.1612903225806451,75.237,75.19,75.315,75.14,79.1414,75.22,75.28625333333333,-0.06625333333333572
STR,Aston Martin,MEDIUM,68.0,5.0,25.0,3.0,18.0,1,0,1,0.8717948717948718,12.0,0.3333333333333333,78.58,78.116,74.877,75.90233333333333,80.7716,75.326,75.13099666666676,0.19500333333323283
SAI,Williams,HARD,17.0,17.0,289.0,1.0,11.0,1,0,1,0.2179487179487179,48.0,0.3541666666666667,77.064,77.07499999999999,80.697,80.04166666666667,79.8816,81.06,80.76697666666657,0.2930233333334371
GAS,Alpine,MEDIUM,5.0,4.0,16.0,2.0,18.0,1,0,1,0.0641025641025641,6.0,0.6666666666666666,78.864,78.36500000000001,91.509,103.06866666666669,105.35725,78.864,77.83331000000007,1.030689999999936
VER,Red Bull Racing,MEDIUM,74.0,46.0,2116.0,2.0,1.0,1,0,1,0.9487179487179488,49.0,0.9387755102040816,75.291,76.63900000000001,76.221,76.117,76.0452,76.349,76.30739333333332,0.04160666666668078
VER,Red Bull Racing,MEDIUM,69.0,41.0,1681.0,2.0,1.0,1,0,1,0.8846153846153846,49.0,0.8367346938775511,75.291,76.63900000000001,76.273,75.67933333333333,75.47999999999999,76.063,76.34006333333336,-0.2770633333333592
NOR,McLaren,HARD,47.0,28.0,784.0,2.0,1.0,1,0,1,0.6025641025641025,31.0,0.9032258064516128,75.237,75.19,74.177,74.14433333333334,74.20520000000002,74.357,74.49923333333312,-0.14223333333312382
BOR,Kick Sauber,HARD,22.0,21.0,441.0,2.0,15.0,1,0,1,0.282051282051282,25.0,0.84,78.214,78.33349999999999,77.718,78.92733333333332,79.3882,77.664,77.32995666666679,0.3340433333332129
LEC,Ferrari,MEDIUM,77.0,31.0,961.0,3.0,2.0,1,0,1,0.9871794871794872,29.0,0.9655172413793104,75.269,75.47,75.963,76.18466666666667,76.2764,76.11,75.93213999999998,0.1778600000000239
VER,Red Bull Racing,MEDIUM,54.0,26.0,676.0,2.0,1.0,1,0,1,0.6923076923076923,49.0,0.5306122448979592,75.291,76.63900000000001,77.547,76.34666666666666,75.5454,75.872,77.41773333333336,-1.5457333333333594
RUS,Mercedes,MEDIUM,58.0,5.0,25.0,2.0,10.0,1,0,1,0.7435897435897436,15.0,0.3333333333333333,78.479,78.865,76.715,77.21633333333334,80.0728,76.037,77.30517333333322,-1.268173333333209
PIA,McLaren,MEDIUM,4.0,4.0,16.0,1.0,3.0,671,0,0,0.0512820512820512,20.0,0.2,75.113,75.19,108.176,100.261,100.261,100.676,100.12103333333319,0.5549666666668145
PIA,McLaren,HARD,21.0,1.0,1.0,2.0,4.0,1,1,1,0.2692307692307692,28.0,0.0357142857142857,75.113,75.19,93.72,81.23433333333332,78.9606,78.014,79.10988333333316,-1.0958833333331626
BEA,Haas F1 Team,MEDIUM,39.0,22.0,484.0,3.0,16.0,1,0,1,0.5,59.0,0.3728813559322034,78.369,77.648,78.333,78.759,78.8016,78.791,78.28555333333341,0.505446666666586
ALB,Williams,HARD,53.0,13.0,169.0,3.0,11.0,1,0,1,0.6794871794871795,36.0,0.3611111111111111,77.086,77.07499999999999,80.13,79.70800000000001,79.5102,79.403,78.90150333333325,0.5014966666667533
ALB,Williams,HARD,46.0,6.0,36.0,3.0,10.0,1,0,1,0.5897435897435898,36.0,0.1666666666666666,77.086,77.07499999999999,79.224,79.029,79.46079999999999,79.332,79.3168099999999,0.015190000000089299
BEA,Haas F1 Team,HARD,15.0,14.0,196.0,2.0,16.0,1,0,1,0.1923076923076923,16.0,0.875,78.369,77.648,78.386,79.15566666666666,79.40780000000001,79.194,78.95902333333333,0.23497666666666817
OCO,Haas F1 Team,HARD,75.0,47.0,2209.0,3.0,7.0,1,0,1,0.9615384615384616,49.0,0.9591836734693876,77.3325,77.648,76.58,76.66666666666667,76.7794,76.714,76.71079333333343,0.003206666666571323
COL,Alpine,MEDIUM,40.0,14.0,196.0,3.0,17.0,1,0,1,0.5128205128205128,50.0,0.28,78.351,78.36500000000001,78.889,78.759,78.5804,78.443,78.41062333333322,0.032376666666777965
ALB,Williams,HARD,69.0,29.0,841.0,3.0,9.0,1,0,1,0.8846153846153846,36.0,0.8055555555555556,77.086,77.07499999999999,74.885,74.89433333333334,75.21340000000001,76.79,74.8839833333333,1.9060166666667016
ALB,Williams,HARD,72.0,32.0,1024.0,3.0,9.0,1,0,1,0.9230769230769232,36.0,0.8888888888888888,77.086,77.07499999999999,75.751,76.18366666666667,75.67280000000001,75.87,75.5824966666666,0.2875033333334045
BOR,Kick Sauber,HARD,10.0,9.0,81.0,2.0,19.0,2,0,0,0.1282051282051282,25.0,0.36,78.214,78.33349999999999,78.411,77.48766666666667,76.92280000000001,76.782,78.61350333333331,-1.8315033333333162
PIA,McLaren,HARD,65.0,17.0,289.0,3.0,4.0,1,0,1,0.8333333333333334,30.0,0.5666666666666667,75.113,75.19,75.204,74.93266666666666,74.6056,74.661,75.08894666666664,-0.4279466666666423
SAI,Williams,HARD,48.0,48.0,2304.0,1.0,9.0,1,1,1,0.6153846153846154,48.0,1.0,77.064,77.07499999999999,75.516,75.907,75.9322,92.875,92.00422000000006,0.8707799999999395
HAM,Ferrari,HARD,39.0,22.0,484.0,2.0,5.0,1,0,1,0.5,38.0,0.5526315789473685,75.694,75.47,75.938,76.81466666666667,77.16720000000001,75.446,76.0060966666666,-0.5600966666665954
RUS,Mercedes,HARD,41.0,41.0,1681.0,1.0,11.0,1,0,1,0.5256410256410257,53.0,0.7735849056603774,78.479,78.865,78.936,78.75633333333333,79.0292,77.272,78.65422000000017,-1.38222000000016
STR,Aston Martin,HARD,15.0,16.0,256.0,1.0,14.0,1,0,1,0.1923076923076923,17.0,0.8823529411764706,78.58,78.116,78.472,79.14133333333332,79.85,79.347,78.83446333333335,0.512536666666648
RUS,Mercedes,HARD,76.0,8.0,64.0,3.0,11.0,1,0,1,0.9743589743589745,8.0,1.0,78.479,78.865,73.773,73.59133333333334,73.7384,74.49,74.18536666666665,0.3046333333333422
LAW,Racing Bulls,HARD,68.0,29.0,841.0,3.0,8.0,1,0,1,0.8717948717948718,37.0,0.7567567567567568,76.82400000000001,77.0135,77.409,77.84100000000001,77.6578,77.363,77.42618666666658,-0.06318666666658146
COL,Alpine,MEDIUM,44.0,18.0,324.0,3.0,16.0,1,0,1,0.5641025641025641,50.0,0.36,78.351,78.36500000000001,77.541,78.06833333333333,78.3074,78.439,77.88124666666666,0.5577533333333378
STR,Aston Martin,HARD,17.0,18.0,324.0,1.0,18.0,1,1,1,0.2179487179487179,17.0,1.0,78.58,78.116,80.446,79.42166666666667,79.4434,97.825,95.93510666666658,1.8898933333334185
NOR,McLaren,HARD,57.0,7.0,49.0,3.0,2.0,1,0,1,0.7307692307692307,28.0,0.25,75.237,75.19,74.821,75.37400000000001,75.40180000000001,74.676,74.93144000000001,-0.2554400000000072
BEA,Haas F1 Team,MEDIUM,37.0,20.0,400.0,3.0,16.0,12,0,0,0.4743589743589743,59.0,0.3389830508474576,78.369,77.648,79.059,78.92999999999999,79.1602,78.885,79.88882333333346,-1.0038233333334574
LAW,Racing Bulls,HARD,71.0,32.0,1024.0,3.0,8.0,1,0,1,0.9102564102564102,37.0,0.8378378378378378,76.82400000000001,77.0135,76.905,77.13466666666666,77.1536,77.053,76.75333,0.2996699999999919
VER,Red Bull Racing,MEDIUM,34.0,6.0,36.0,2.0,4.0,1,0,1,0.4358974358974359,49.0,0.1224489795918367,75.291,76.63900000000001,76.213,75.58999999999999,76.083,75.8,76.1663099999999,-0.3663099999998991
BEA,Haas F1 Team,HARD,3.0,2.0,4.0,2.0,19.0,6,0,0,0.0384615384615384,16.0,0.125,78.369,77.648,110.654,110.654,110.654,110.334,109.07454333333357,1.2594566666664377
LEC,Ferrari,HARD,39.0,17.0,289.0,2.0,2.0,1,0,1,0.5,27.0,0.6296296296296297,75.269,75.47,74.57,74.24333333333334,74.4118,74.14,74.75338666666653,-0.6133866666665284
HAD,Racing Bulls,MEDIUM,12.0,12.0,144.0,1.0,5.0,1,0,1,0.1538461538461538,14.0,0.8571428571428571,77.2385,77.0135,78.183,79.56,79.3244,77.376,78.31410000000022,-0.9381000000002189
BEA,Haas F1 Team,MEDIUM,27.0,10.0,100.0,3.0,17.0,1,0,1,0.3461538461538461,59.0,0.1694915254237288,78.369,77.648,78.034,77.81966666666666,77.3126,77.0,78.04779999999985,-1.047799999999853
BOR,Kick Sauber,HARD,20.0,19.0,361.0,2.0,15.0,1,0,1,0.2564102564102564,25.0,0.76,78.214,78.33349999999999,79.729,79.96266666666666,79.78259999999999,79.335,78.89966000000007,0.43533999999992545
BEA,Haas F1 Team,HARD,17.0,16.0,256.0,2.0,19.0,1,1,1,0.2179487179487179,16.0,1.0,78.369,77.648,80.638,79.40599999999999,79.4598,97.866,95.61586333333348,2.2501366666665206
LEC,Ferrari,MEDIUM,65.0,19.0,361.0,3.0,3.0,1,0,1,0.8333333333333334,29.0,0.5517241379310345,75.269,75.47,75.269,75.42666666666666,75.42519999999999,75.395,75.18251000000012,0.2124899999998746
OCO,Haas F1 Team,HARD,55.0,27.0,729.0,3.0,7.0,1,0,1,0.7051282051282052,49.0,0.5510204081632653,77.3325,77.648,77.744,78.109,78.1306,78.492,77.8714966666666,0.6205033333334029
OCO,Haas F1 Team,HARD,43.0,15.0,225.0,3.0,7.0,1,0,1,0.5512820512820513,49.0,0.3061224489795918,77.3325,77.648,76.24,76.96366666666667,77.11980000000001,76.584,77.13723000000005,-0.5532300000000419
VER,Red Bull Racing,MEDIUM,38.0,10.0,100.0,2.0,4.0,12,0,0,0.4871794871794871,49.0,0.2040816326530612,75.291,76.63900000000001,75.025,75.11033333333334,75.4688,74.677,76.12595666666664,-1.448956666666632
ALB,Williams,HARD,45.0,5.0,25.0,3.0,10.0,1,0,1,0.5769230769230769,36.0,0.1388888888888889,77.086,77.07499999999999,79.225,78.89399999999999,82.0472,79.224,78.99475333333326,0.22924666666673943
OCO,Haas F1 Team,HARD,49.0,21.0,441.0,3.0,7.0,1,0,1,0.6282051282051282,49.0,0.4285714285714285,77.3325,77.648,78.068,77.472,77.6384,78.235,77.84443999999988,0.3905600000001215
BEA,Haas F1 Team,MEDIUM,58.0,41.0,1681.0,3.0,15.0,1,0,1,0.7435897435897436,59.0,0.6949152542372882,78.369,77.648,78.584,78.51633333333334,78.93499999999999,78.038,78.38959333333344,-0.35159333333344023
HAD,Racing Bulls,HARD,21.0,3.0,9.0,3.0,8.0,1,0,1,0.2692307692307692,58.0,0.0344827586206896,77.2385,77.0135,79.175,82.95700000000001,80.4086,76.136,76.58471666666657,-0.44871666666657006
NOR,McLaren,HARD,67.0,17.0,289.0,3.0,2.0,1,0,1,0.8589743589743589,28.0,0.6071428571428571,75.237,75.19,74.968,75.253,75.3148,75.007,75.01547999999988,-0.008479999999877919
HUL,Kick Sauber,HARD,30.0,18.0,324.0,2.0,15.0,1,0,1,0.3846153846153846,32.0,0.5625,78.508,78.33349999999999,79.749,79.495,78.9494,80.392,79.24095999999993,1.1510400000000658
HUL,Kick Sauber,SOFT,67.0,23.0,529.0,3.0,17.0,1,0,1,0.8589743589743589,32.0,0.71875,78.508,78.33349999999999,76.934,78.21733333333334,79.0846,77.445,77.32023666666684,0.12476333333314926
HUL,Kick Sauber,SOFT,56.0,12.0,144.0,3.0,18.0,1,0,1,0.717948717948718,32.0,0.375,78.508,78.33349999999999,79.155,79.208,79.8354,77.976,79.32177333333345,-1.3457733333334545
LEC,Ferrari,HARD,30.0,8.0,64.0,2.0,2.0,1,0,1,0.3846153846153846,27.0,0.2962962962962963,75.269,75.47,74.205,74.62433333333333,74.64099999999999,75.131,74.73181666666655,0.399183333333454
RUS,Mercedes,HARD,10.0,10.0,100.0,1.0,13.0,2,0,0,0.1282051282051282,53.0,0.1886792452830188,78.479,78.865,83.39,81.79899999999999,81.34459999999999,81.501,81.59178333333341,-0.09078333333340538
PIA,McLaren,HARD,45.0,25.0,625.0,2.0,3.0,1,0,1,0.5769230769230769,28.0,0.8928571428571429,75.113,75.19,74.676,74.66466666666666,74.527,75.124,74.56511333333331,0.5588866666666803
HAM,Ferrari,HARD,40.0,23.0,529.0,2.0,5.0,1,0,1,0.5128205128205128,38.0,0.5789473684210527,75.694,75.47,75.446,76.22399999999999,76.74319999999999,74.951,75.54933666666665,-0.5983366666666541
PIA,McLaren,HARD,52.0,4.0,16.0,3.0,4.0,1,0,1,0.6666666666666666,30.0,0.1333333333333333,75.113,75.19,74.713,75.765,78.48299999999999,74.087,75.01676666666651,-0.9297666666665094
ALB,Williams,HARD,67.0,27.0,729.0,3.0,9.0,1,0,1,0.8589743589743589,36.0,0.75,77.086,77.07499999999999,74.87,75.418,75.5412,74.928,74.88928999999992,0.03871000000007996
NOR,McLaren,HARD,72.0,22.0,484.0,3.0,2.0,1,0,1,0.9230769230769232,28.0,0.7857142857142857,75.237,75.19,76.362,76.19466666666666,75.8412,76.38,76.2988833333332,0.0811166666668015
HUL,Kick Sauber,HARD,41.0,29.0,841.0,2.0,14.0,1,0,1,0.5256410256410257,32.0,0.90625,78.508,78.33349999999999,78.804,78.65066666666667,78.6996,78.575,78.51607666666663,0.05892333333336808
HAD,Racing Bulls,SOFT,17.0,6.0,36.0,2.0,6.0,1,0,1,0.2179487179487179,5.0,0.6,77.2385,77.0135,75.981,83.27466666666668,80.8576,77.191,76.60115999999995,0.5898400000000521
PIA,McLaren,HARD,24.0,4.0,16.0,2.0,4.0,1,0,1,0.3076923076923077,28.0,0.1428571428571428,75.113,75.19,77.79,76.54066666666667,79.67819999999999,75.487,77.31793333333329,-1.8309333333332916
LAW,Racing Bulls,HARD,54.0,15.0,225.0,3.0,8.0,1,0,1,0.6923076923076923,37.0,0.3783783783783784,76.82400000000001,77.0135,75.356,75.37733333333334,75.4356,75.321,75.41975666666659,-0.09875666666658844
COL,Alpine,MEDIUM,41.0,15.0,225.0,3.0,17.0,1,0,1,0.5256410256410257,50.0,0.3,78.351,78.36500000000001,78.443,78.68666666666667,78.535,78.866,78.42125333333328,0.4447466666667168
COL,Alpine,MEDIUM,37.0,11.0,121.0,3.0,17.0,12,0,0,0.4743589743589743,50.0,0.22,78.351,78.36500000000001,77.955,78.443,78.7404,78.66,78.35706999999994,0.3029300000000603
ALB,Williams,MEDIUM,34.0,10.0,100.0,2.0,10.0,1,0,1,0.4358974358974359,8.0,0.25,77.086,77.07499999999999,82.236,84.03333333333333,81.1914,80.232,77.36407333333335,2.867926666666648
HUL,Kick Sauber,HARD,24.0,12.0,144.0,2.0,16.0,1,0,1,0.3076923076923077,32.0,0.375,78.508,78.33349999999999,77.557,77.73866666666667,78.331,77.055,77.61508000000005,-0.5600800000000419
COL,Alpine,MEDIUM,23.0,17.0,289.0,2.0,17.0,1,0,1,0.2948717948717949,13.0,0.7692307692307693,78.351,78.36500000000001,77.808,78.43933333333332,78.504,77.626,77.7361466666668,-0.11014666666679318
LEC,Ferrari,MEDIUM,63.0,17.0,289.0,3.0,3.0,1,0,1,0.8076923076923077,29.0,0.4827586206896552,75.269,75.47,75.646,75.49733333333334,75.153,75.365,75.69793000000008,-0.3329300000000899
NOR,McLaren,HARD,53.0,3.0,9.0,3.0,2.0,1,0,1,0.6794871794871795,28.0,0.1071428571428571,75.237,75.19,75.039,81.38966666666666,79.3108,75.848,75.3496533333333,0.4983466666667056
SAI,Williams,MEDIUM,75.0,30.0,900.0,3.0,10.0,1,0,1,0.9615384615384616,23.0,0.9565217391304348,77.064,77.07499999999999,74.295,75.53966666666666,75.4798,74.539,75.91300000000003,-1.3740000000000236
HAD,Racing Bulls,MEDIUM,14.0,14.0,196.0,1.0,8.0,1,1,1,0.1794871794871795,14.0,1.0,77.2385,77.0135,77.088,77.549,78.6288,94.072,94.91999999999999,-0.8479999999999848
STR,Aston Martin,HARD,33.0,17.0,289.0,2.0,16.0,1,0,1,0.4230769230769231,47.0,0.3404255319148936,78.58,78.116,80.498,80.15499999999999,79.5712,78.23,79.26115333333328,-1.031153333333279
HUL,Kick Sauber,SOFT,60.0,16.0,256.0,3.0,18.0,1,0,1,0.7692307692307693,32.0,0.5,78.508,78.33349999999999,79.287,78.63,78.6042,78.508,78.927126666667,-0.4191266666669975
SAI,Williams,MEDIUM,59.0,14.0,196.0,3.0,9.0,1,0,1,0.7564102564102564,23.0,0.2608695652173913,77.064,77.07499999999999,76.214,75.278,76.38680000000001,77.954,75.87774666666665,2.076253333333341
SAI,Williams,MEDIUM,73.0,28.0,784.0,3.0,10.0,1,0,1,0.935897435897436,23.0,0.8695652173913043,77.064,77.07499999999999,75.794,75.52466666666668,75.46759999999999,76.53,75.67885333333341,0.8511466666665939
NOR,McLaren,HARD,63.0,13.0,169.0,3.0,2.0,1,0,1,0.8076923076923077,28.0,0.4642857142857143,75.237,75.19,75.514,75.43233333333335,75.3126,75.301,75.33028666666661,-0.029286666666607175
HUL,Kick Sauber,HARD,38.0,26.0,676.0,2.0,14.0,1,0,1,0.4871794871794871,32.0,0.8125,78.508,78.33349999999999,78.904,79.38,78.876,78.272,78.66277333333332,-0.3907733333333141
ANT,Mercedes,HARD,7.0,7.0,49.0,1.0,14.0,1,0,1,0.0897435897435897,69.0,0.1014492753623188,78.9175,78.865,80.757,85.903,95.5976,81.194,81.09973333333349,0.09426666666651329
ANT,Mercedes,HARD,55.0,55.0,3025.0,1.0,12.0,1,0,1,0.7051282051282052,69.0,0.7971014492753623,78.9175,78.865,79.603,80.276,80.0524,78.966,78.78604000000009,0.17995999999990886
BOR,Kick Sauber,HARD,6.0,5.0,25.0,2.0,20.0,1,0,1,0.0769230769230769,25.0,0.2,78.214,78.33349999999999,76.394,89.78833333333334,94.77775,75.757,77.41037999999996,-1.6533799999999559
VER,Red Bull Racing,MEDIUM,35.0,7.0,49.0,2.0,4.0,1,0,1,0.4487179487179487,49.0,0.1428571428571428,75.291,76.63900000000001,75.8,75.81233333333334,75.5288,75.33,75.78317333333335,-0.4531733333333534
BEA,Haas F1 Team,MEDIUM,56.0,39.0,1521.0,3.0,15.0,1,0,1,0.717948717948718,59.0,0.6610169491525424,78.369,77.648,78.659,79.26166666666666,79.9956,78.306,78.52745999999998,-0.22145999999997912
RUS,Mercedes,HARD,45.0,45.0,2025.0,1.0,11.0,1,0,1,0.5769230769230769,53.0,0.8490566037735849,78.479,78.865,79.072,78.39433333333334,78.2782,79.192,79.32708333333342,-0.13508333333342648
NOR,McLaren,HARD,22.0,3.0,9.0,2.0,2.0,1,0,1,0.282051282051282,31.0,0.0967741935483871,75.237,75.19,75.259,81.84866666666667,79.09700000000001,74.846,75.29562999999999,-0.4496299999999849
HUL,Kick Sauber,MEDIUM,11.0,11.0,121.0,1.0,12.0,21,0,0,0.141025641025641,12.0,0.9166666666666666,78.508,78.33349999999999,81.507,81.94600000000001,81.6152,79.404,79.44079999999985,-0.03679999999985739
HAD,Racing Bulls,HARD,60.0,42.0,1764.0,3.0,6.0,1,0,1,0.7692307692307693,58.0,0.7068965517241379,77.2385,77.0135,77.717,77.323,77.4632,78.008,77.75441333333325,0.2535866666667488
COL,Alpine,MEDIUM,28.0,2.0,4.0,3.0,19.0,1,0,1,0.358974358974359,50.0,0.04,78.351,78.36500000000001,80.237,84.33933333333333,81.5754,78.135,76.39380666666666,1.7411933333333423
BEA,Haas F1 Team,MEDIUM,52.0,35.0,1225.0,3.0,15.0,1,0,1,0.6666666666666666,59.0,0.5932203389830508,78.369,77.648,82.205,79.743,79.65440000000001,79.988,79.8360633333334,0.15193666666660022
HUL,Kick Sauber,HARD,33.0,21.0,441.0,2.0,15.0,1,0,1,0.4230769230769231,32.0,0.65625,78.508,78.33349999999999,80.602,80.29433333333334,79.9792,77.84,78.9036599999999,-1.0636599999998992
LEC,Ferrari,MEDIUM,59.0,13.0,169.0,3.0,3.0,1,0,1,0.7564102564102564,29.0,0.3448275862068966,75.269,75.47,74.566,74.45,74.991,74.707,74.69102333333325,0.015976666666745132
STR,Aston Martin,HARD,31.0,15.0,225.0,2.0,16.0,1,0,1,0.3974358974358974,47.0,0.2978723404255319,78.58,78.116,80.246,79.21233333333333,78.713,79.721,79.66661999999985,0.054380000000151085
HUL,Kick Sauber,MEDIUM,7.0,7.0,49.0,1.0,12.0,1,0,1,0.0897435897435897,12.0,0.5833333333333334,78.508,78.33349999999999,80.974,86.04833333333333,95.731,81.264,80.83974333333332,0.42425666666667894
ALB,Williams,HARD,65.0,25.0,625.0,3.0,9.0,1,0,1,0.8333333333333334,36.0,0.6944444444444444,77.086,77.07499999999999,76.228,75.89333333333333,75.8904,75.156,75.97706666666656,-0.8210666666665531
BOR,Kick Sauber,MEDIUM,67.0,32.0,1024.0,4.0,16.0,1,0,1,0.8589743589743589,41.0,0.7804878048780488,78.214,78.33349999999999,77.324,79.48066666666666,79.12280000000001,77.412,77.45091666666654,-0.03891666666653748
HAD,Racing Bulls,HARD,24.0,6.0,36.0,3.0,8.0,1,0,1,0.3076923076923077,58.0,0.0862068965517241,77.2385,77.0135,77.581,76.69133333333333,80.5146,77.79,77.4311566666666,0.3588433333334109
PIA,McLaren,HARD,49.0,1.0,1.0,3.0,4.0,1,1,1,0.6282051282051282,30.0,0.0333333333333333,75.113,75.19,91.028,79.99833333333333,77.959,78.461,78.47171666666648,-0.01071666666648241
PIA,McLaren,HARD,61.0,13.0,169.0,3.0,4.0,1,0,1,0.782051282051282,30.0,0.4333333333333333,75.113,75.19,73.745,74.16366666666666,74.4828,74.485,74.21324333333331,0.27175666666668974
SAI,Williams,HARD,36.0,36.0,1296.0,1.0,11.0,1,0,1,0.4615384615384615,48.0,0.75,77.064,77.07499999999999,79.464,79.854,79.3786,79.778,79.32015999999993,0.4578400000000755
RUS,Mercedes,HARD,46.0,46.0,2116.0,1.0,11.0,1,0,1,0.5897435897435898,53.0,0.8679245283018868,78.479,78.865,79.192,78.91933333333333,78.32939999999999,79.289,79.73048999999996,-0.4414899999999591
ALB,Williams,MEDIUM,32.0,36.0,1296.0,1.0,9.0,1,1,1,0.4102564102564102,32.0,1.0,77.086,77.07499999999999,76.87,76.909,76.9226,92.994,94.09930333333335,-1.105303333333353
LEC,Ferrari,MEDIUM,70.0,24.0,576.0,3.0,3.0,1,0,1,0.8974358974358975,29.0,0.7241379310344828,75.269,75.47,76.104,75.55499999999999,75.395,76.05,76.22107333333349,-0.17107333333349573
STR,Aston Martin,HARD,61.0,45.0,2025.0,2.0,14.0,1,0,1,0.782051282051282,47.0,0.9361702127659576,78.58,78.116,78.58,78.62633333333333,78.54760000000002,78.751,78.62975999999993,0.12124000000007129
LAW,Racing Bulls,MEDIUM,25.0,25.0,625.0,1.0,9.0,1,0,1,0.3205128205128205,31.0,0.8064516129032258,76.82400000000001,77.0135,76.712,76.74333333333334,76.937,77.59,76.73392333333324,0.8560766666667661
HAM,Ferrari,HARD,45.0,28.0,784.0,2.0,5.0,1,0,1,0.5769230769230769,38.0,0.7105263157894737,75.694,75.47,74.686,74.84133333333334,74.91720000000001,74.849,74.90220000000005,-0.05320000000004654
HUL,Kick Sauber,HARD,15.0,3.0,9.0,2.0,18.0,1,0,1,0.1923076923076923,32.0,0.09375,78.508,78.33349999999999,76.106,83.70933333333333,82.4078,76.553,76.69921333333322,-0.14621333333322184
LEC,Ferrari,MEDIUM,7.0,7.0,49.0,1.0,2.0,1,0,1,0.0897435897435897,22.0,0.3181818181818182,75.269,75.47,79.267,86.43866666666668,94.578,78.656,79.06655000000008,-0.4105500000000717
PIA,McLaren,HARD,77.0,29.0,841.0,3.0,3.0,1,0,1,0.9871794871794872,30.0,0.9666666666666668,75.113,75.19,75.909,76.08033333333333,76.1192,76.523,75.62624000000004,0.8967599999999578
SAI,Williams,HARD,44.0,44.0,1936.0,1.0,9.0,1,0,1,0.5641025641025641,48.0,0.9166666666666666,77.064,77.07499999999999,75.881,76.46966666666667,77.4432,76.059,75.71339999999988,0.34560000000011826
HAM,Ferrari,HARD,6.0,6.0,36.0,1.0,7.0,1,0,1,0.0769230769230769,18.0,0.3333333333333333,75.694,75.47,81.057,94.99966666666668,97.1684,80.225,80.32202666666679,-0.0970266666667925
HAM,Ferrari,MEDIUM,61.0,8.0,64.0,3.0,5.0,1,0,1,0.782051282051282,22.0,0.2272727272727272,75.694,75.47,75.767,76.93400000000001,81.16720000000001,75.431,76.27035,-0.839349999999996
LEC,Ferrari,HARD,24.0,2.0,4.0,2.0,3.0,1,0,1,0.3076923076923077,27.0,0.074074074074074,75.269,75.47,80.099,82.76433333333334,79.7232,76.02,76.5385899999999,-0.5185899999999037
PIA,McLaren,HARD,59.0,11.0,121.0,3.0,4.0,1,0,1,0.7564102564102564,30.0,0.3666666666666666,75.113,75.19,74.83,74.91766666666666,75.14,73.916,75.00410666666673,-1.0881066666667323
STR,Aston Martin,HARD,24.0,8.0,64.0,2.0,18.0,1,0,1,0.3076923076923077,47.0,0.1489361702127659,78.58,78.116,76.579,76.71966666666667,76.6346,77.042,77.07814000000016,-0.03614000000015949
LEC,Ferrari,HARD,40.0,18.0,324.0,2.0,2.0,1,0,1,0.5128205128205128,27.0,0.6666666666666666,75.269,75.47,74.14,74.27166666666666,74.24380000000001,74.056,74.8629566666664,-0.8069566666664088
ANT,Mercedes,HARD,60.0,60.0,3600.0,1.0,12.0,1,0,1,0.7692307692307693,69.0,0.8695652173913043,78.9175,78.865,79.056,78.65333333333332,78.64439999999999,78.697,79.2034233333335,-0.5064233333335011
HAM,Ferrari,MEDIUM,66.0,13.0,169.0,3.0,5.0,1,0,1,0.8461538461538461,22.0,0.4545454545454545,75.694,75.47,76.238,75.579,75.4168,76.659,76.26709666666672,0.3919033333332891
NOR,McLaren,HARD,28.0,9.0,81.0,2.0,1.0,1,0,1,0.358974358974359,31.0,0.2903225806451613,75.237,75.19,74.622,74.58300000000001,74.8568,74.618,75.35740333333305,-0.7394033333330583
HUL,Kick Sauber,SOFT,50.0,6.0,36.0,3.0,18.0,1,0,1,0.6410256410256411,32.0,0.1875,78.508,78.33349999999999,78.676,76.715,77.02439999999999,76.425,78.69714333333327,-2.2721433333332755
HAM,Ferrari,HARD,26.0,9.0,81.0,2.0,5.0,1,0,1,0.3333333333333333,38.0,0.2105263157894736,75.694,75.47,74.698,74.974,75.13499999999999,74.804,74.82051999999985,-0.01651999999984355
RUS,Mercedes,MEDIUM,66.0,13.0,169.0,2.0,11.0,1,0,1,0.8461538461538461,15.0,0.8666666666666667,78.479,78.865,74.28,75.30166666666666,79.1962,73.918,74.61360999999995,-0.6956099999999452
HAM,Ferrari,MEDIUM,67.0,14.0,196.0,3.0,5.0,1,0,1,0.8589743589743589,22.0,0.5,75.694,75.47,76.659,76.401,75.6624,76.016,76.38665666666668,-0.37065666666667596
HUL,Kick Sauber,SOFT,58.0,14.0,196.0,3.0,18.0,1,0,1,0.7435897435897436,32.0,0.4375,78.508,78.33349999999999,78.661,78.59733333333334,78.85220000000001,77.942,78.55147000000001,-0.6094700000000159
PIA,McLaren,HARD,23.0,3.0,9.0,2.0,4.0,1,0,1,0.2948717948717949,28.0,0.1071428571428571,75.113,75.19,73.818,81.85066666666665,79.107,77.79,74.51192999999996,3.2780700000000422
HAM,Ferrari,HARD,35.0,18.0,324.0,2.0,5.0,1,0,1,0.4487179487179487,38.0,0.4473684210526316,75.694,75.47,77.566,76.59266666666666,76.26200000000001,77.826,76.96440666666675,0.8615933333332464
VER,Red Bull Racing,MEDIUM,53.0,25.0,625.0,2.0,1.0,1,0,1,0.6794871794871795,49.0,0.5102040816326531,75.291,76.63900000000001,76.328,75.30633333333334,74.94359999999999,77.547,76.41648999999994,1.1305100000000579
NOR,McLaren,HARD,27.0,8.0,64.0,2.0,2.0,1,0,1,0.3461538461538461,31.0,0.2580645161290322,75.237,75.19,74.727,74.78233333333334,74.9016,74.622,74.92559000000003,-0.3035900000000282
OCO,Haas F1 Team,HARD,69.0,41.0,1681.0,3.0,7.0,1,0,1,0.8846153846153846,49.0,0.8367346938775511,77.3325,77.648,77.467,77.89266666666667,77.9704,76.985,77.44371,-0.4587099999999964
HAM,Ferrari,HARD,42.0,25.0,625.0,2.0,5.0,1,0,1,0.5384615384615384,38.0,0.631578947368421,75.694,75.47,75.111,75.16933333333334,75.7468,74.984,75.36747333333332,-0.38347333333332756
PIA,McLaren,HARD,38.0,18.0,324.0,2.0,3.0,12,0,0,0.4871794871794871,28.0,0.6428571428571429,75.113,75.19,75.396,75.10733333333333,75.5188,74.475,76.18369333333338,-1.708693333333386
HAD,Racing Bulls,HARD,42.0,24.0,576.0,3.0,6.0,1,0,1,0.5384615384615384,58.0,0.396551724137931,77.2385,77.0135,77.242,77.06233333333334,76.80120000000001,79.685,77.89838666666664,1.7866133333333636
OCO,Haas F1 Team,HARD,70.0,42.0,1764.0,3.0,7.0,1,0,1,0.8974358974358975,49.0,0.8571428571428571,77.3325,77.648,76.985,77.28433333333334,77.7868,77.069,76.8954366666668,0.17356333333320606
BOR,Kick Sauber,HARD,4.0,3.0,9.0,2.0,20.0,671,0,0,0.0512820512820512,25.0,0.12,78.214,78.33349999999999,109.362,109.554,109.554,83.609,91.48110666666662,-7.872106666666625
BOR,Kick Sauber,MEDIUM,42.0,7.0,49.0,4.0,18.0,1,0,1,0.5384615384615384,41.0,0.1707317073170731,78.214,78.33349999999999,76.847,76.35666666666667,75.78479999999999,77.678,77.25505000000003,0.42294999999997174
ALB,Williams,HARD,60.0,20.0,400.0,3.0,11.0,1,0,1,0.7692307692307693,36.0,0.5555555555555556,77.086,77.07499999999999,75.509,75.81333333333333,76.737,75.726,75.39549333333318,0.33050666666682105
NOR,McLaren,HARD,55.0,5.0,25.0,3.0,2.0,1,0,1,0.7051282051282052,28.0,0.1785714285714285,75.237,75.19,76.308,75.73166666666667,79.265,74.993,75.8638399999999,-0.8708399999999017
RUS,Mercedes,HARD,28.0,28.0,784.0,1.0,12.0,1,0,1,0.358974358974359,53.0,0.5283018867924528,78.479,78.865,79.453,79.38666666666667,78.399,79.673,79.68501666666651,-0.012016666666511355
SAI,Williams,HARD,15.0,15.0,225.0,1.0,11.0,1,0,1,0.1923076923076923,48.0,0.3125,77.064,77.07499999999999,79.429,79.57066666666667,79.962,79.999,79.88591999999996,0.11308000000003915
ALB,Williams,MEDIUM,25.0,29.0,841.0,1.0,10.0,1,0,1,0.3205128205128205,32.0,0.78125,77.086,77.07499999999999,76.954,76.837,77.107,77.653,76.87992333333332,0.7730766666666824
ALO,Aston Martin,HARD,34.0,19.0,361.0,2.0,6.0,1,0,1,0.4358974358974359,20.0,0.9,77.033,78.116,75.823,76.01766666666667,76.3278,77.347,75.58549333333328,1.761506666666719
HAD,Racing Bulls,HARD,70.0,52.0,2704.0,3.0,6.0,1,0,1,0.8974358974358975,58.0,0.8793103448275862,77.2385,77.0135,76.917,77.738,77.7718,77.002,76.80628,0.19571999999999434
LAW,Racing Bulls,HARD,66.0,27.0,729.0,3.0,8.0,1,0,1,0.8461538461538461,37.0,0.7027027027027027,76.82400000000001,77.0135,79.159,77.97500000000001,77.39240000000001,76.955,77.47386333333327,-0.5188633333332717
HAD,Racing Bulls,HARD,71.0,53.0,2809.0,3.0,6.0,1,0,1,0.9102564102564102,58.0,0.896551724137931,77.2385,77.0135,77.002,77.06633333333333,77.5472,76.798,76.77038333333331,0.02761666666668816
RUS,Mercedes,HARD,26.0,26.0,676.0,1.0,12.0,1,0,1,0.3333333333333333,53.0,0.490566037735849,78.479,78.865,79.216,77.68366666666667,77.6254,79.491,79.0658233333334,0.4251766666666015
BOR,Kick Sauber,MEDIUM,55.0,20.0,400.0,4.0,17.0,1,0,1,0.7051282051282052,41.0,0.4878048780487805,78.214,78.33349999999999,78.704,79.82600000000001,79.971,78.823,78.83118999999978,-0.008189999999785869
PIA,McLaren,HARD,43.0,23.0,529.0,2.0,3.0,1,0,1,0.5512820512820513,28.0,0.8214285714285714,75.113,75.19,74.137,74.25933333333333,74.3694,75.181,74.4135766666665,0.7674233333334968
OCO,Haas F1 Team,HARD,46.0,18.0,324.0,3.0,7.0,1,0,1,0.5897435897435898,49.0,0.3673469387755102,77.3325,77.648,78.452,77.45333333333333,77.3452,77.007,77.45212999999995,-0.4451299999999492
COL,Alpine,MEDIUM,52.0,26.0,676.0,3.0,16.0,1,0,1,0.6666666666666666,50.0,0.52,78.351,78.36500000000001,80.722,79.61533333333334,79.39500000000001,80.423,79.98704666666669,0.4359533333333161
HUL,Kick Sauber,MEDIUM,9.0,9.0,81.0,1.0,12.0,2,0,0,0.1153846153846153,12.0,0.75,78.508,78.33349999999999,80.3,80.84599999999999,83.94179999999999,84.031,83.06217333333329,0.9688266666667147
TSU,Red Bull Racing,HARD,60.0,59.0,3481.0,2.0,13.0,1,0,1,0.7692307692307693,72.0,0.8194444444444444,78.811,76.63900000000001,79.028,78.59266666666666,78.59940000000002,78.81,78.83772666666694,-0.02772666666693624
TSU,Red Bull Racing,MEDIUM,74.0,1.0,1.0,3.0,17.0,1,1,1,0.9487179487179488,3.0,0.3333333333333333,78.811,76.63900000000001,91.926,80.95100000000001,79.4462,79.467,79.16333333333328,0.3036666666667145
COL,Alpine,MEDIUM,31.0,5.0,25.0,3.0,19.0,1,0,1,0.3974358974358974,50.0,0.1,78.351,78.36500000000001,75.298,76.449,81.0312,76.007,75.97305999999992,0.03394000000008646
COL,Alpine,MEDIUM,21.0,15.0,225.0,2.0,17.0,1,0,1,0.2692307692307692,13.0,0.6153846153846154,78.351,78.36500000000001,79.296,78.83266666666667,77.896,78.214,79.04350333333339,-0.8295033333333919
SAI,Williams,HARD,20.0,20.0,400.0,1.0,11.0,1,0,1,0.2564102564102564,48.0,0.4166666666666667,77.064,77.07499999999999,79.522,80.24166666666666,80.28420000000001,77.855,78.79266666666663,-0.9376666666666296
COL,Alpine,MEDIUM,35.0,9.0,81.0,3.0,18.0,1,0,1,0.4487179487179487,50.0,0.18,78.351,78.36500000000001,78.704,79.02566666666667,77.6764,78.67,78.84551000000008,-0.17551000000007377
PIA,McLaren,MEDIUM,8.0,8.0,64.0,1.0,3.0,12,0,0,0.1025641025641025,20.0,0.4,75.113,75.19,79.261,79.70066666666666,89.59079999999999,78.029,79.08314,-1.0541400000000039
STR,Aston Martin,HARD,9.0,10.0,100.0,1.0,16.0,2,0,0,0.1153846153846153,17.0,0.5294117647058824,78.58,78.116,81.663,81.055,83.9606,82.321,82.2363366666667,0.08466333333329601
ALO,Aston Martin,HARD,8.0,9.0,81.0,1.0,6.0,12,0,0,0.1025641025641025,16.0,0.5,77.033,78.116,80.222,80.52866666666667,90.0944,79.105,80.53866666666671,-1.43366666666671
TSU,Red Bull Racing,HARD,67.0,66.0,4356.0,2.0,13.0,1,0,1,0.8589743589743589,72.0,0.9166666666666666,78.811,76.63900000000001,77.61,77.911,78.2172,75.969,77.37420666666685,-1.4052066666668566
STR,Aston Martin,MEDIUM,70.0,7.0,49.0,3.0,17.0,1,0,1,0.8974358974358975,12.0,0.5,78.58,78.116,75.247,75.14999999999999,75.65599999999999,76.215,75.41138666666647,0.80361333333353
TSU,Red Bull Racing,HARD,57.0,56.0,3136.0,2.0,13.0,1,0,1,0.7307692307692307,72.0,0.7777777777777778,78.811,76.63900000000001,78.408,78.92833333333334,79.61420000000001,78.497,78.65954666666663,-0.16254666666662843
COL,Alpine,MEDIUM,16.0,10.0,100.0,2.0,19.0,1,0,1,0.2051282051282051,13.0,0.2307692307692307,78.351,78.36500000000001,75.509,83.82933333333334,82.2332,75.435,76.32170666666653,-0.8867066666665266
LEC,Ferrari,HARD,49.0,27.0,729.0,2.0,3.0,1,1,1,0.6282051282051282,27.0,1.0,75.269,75.47,74.731,74.53466666666667,74.41579999999999,91.977,91.34144333333323,0.6355566666667727
ANT,Mercedes,HARD,3.0,3.0,9.0,1.0,14.0,6,0,0,0.0384615384615384,69.0,0.0434782608695652,78.9175,78.865,111.408,103.0645,103.0645,108.871,108.78849666666639,0.08250333333360516
STR,Aston Martin,HARD,26.0,10.0,100.0,2.0,16.0,1,0,1,0.3333333333333333,47.0,0.1914893617021276,78.58,78.116,77.241,76.954,76.8884,78.901,78.01759333333348,0.8834066666665166
LAW,Racing Bulls,HARD,52.0,13.0,169.0,3.0,8.0,1,0,1,0.6666666666666666,37.0,0.3243243243243243,76.82400000000001,77.0135,75.399,75.48166666666667,75.4648,75.377,75.38632666666658,-0.009326666666581218
STR,Aston Martin,HARD,19.0,3.0,9.0,2.0,18.0,1,0,1,0.2435897435897435,47.0,0.0425531914893617,78.58,78.116,79.563,85.94466666666666,83.1306,76.581,76.45053999999993,0.1304600000000704
BOR,Kick Sauber,SOFT,34.0,8.0,64.0,3.0,18.0,1,0,1,0.4358974358974359,9.0,0.8888888888888888,78.214,78.33349999999999,79.276,78.94566666666667,77.5146,79.276,79.22332666666678,0.05267333333321744
VER,Red Bull Racing,HARD,18.0,18.0,324.0,1.0,4.0,1,0,1,0.2307692307692307,28.0,0.6428571428571429,75.291,76.63900000000001,75.131,75.63433333333332,76.167,75.035,75.20373000000006,-0.16873000000006755
OCO,Haas F1 Team,MEDIUM,13.0,13.0,169.0,1.0,8.0,1,0,1,0.1666666666666666,16.0,0.8125,77.3325,77.648,77.358,78.33566666666667,79.38520000000001,77.241,77.15370666666666,0.087293333333335
HUL,Kick Sauber,HARD,14.0,2.0,4.0,2.0,18.0,1,0,1,0.1794871794871795,32.0,0.0625,78.508,78.33349999999999,78.279,84.80866666666667,83.99280000000002,76.106,75.63530999999993,0.47069000000006156
ANT,Mercedes,HARD,67.0,67.0,4489.0,1.0,12.0,1,0,1,0.8589743589743589,69.0,0.9710144927536232,78.9175,78.865,77.398,77.85033333333332,78.1766,75.551,77.13049000000014,-1.5794900000001348
BEA,Haas F1 Team,MEDIUM,59.0,42.0,1764.0,3.0,15.0,1,0,1,0.7564102564102564,59.0,0.711864406779661,78.369,77.648,78.038,78.30933333333333,78.4814,79.233,78.80061000000002,0.43238999999998384
NOR,McLaren,HARD,36.0,17.0,289.0,2.0,1.0,1,0,1,0.4615384615384615,31.0,0.5483870967741935,75.237,75.19,74.184,74.505,75.0046,74.785,74.46335333333326,0.32164666666673725
OCO,Haas F1 Team,HARD,65.0,37.0,1369.0,3.0,7.0,1,0,1,0.8333333333333334,49.0,0.7551020408163265,77.3325,77.648,77.903,77.956,77.82360000000001,78.271,78.05132333333326,0.2196766666667429
HAM,Ferrari,HARD,48.0,31.0,961.0,2.0,5.0,1,0,1,0.6153846153846154,38.0,0.7894736842105263,75.694,75.47,75.703,75.29166666666667,75.083,75.113,75.96166000000002,-0.8486600000000237
NOR,McLaren,MEDIUM,4.0,4.0,16.0,1.0,1.0,671,0,0,0.0512820512820512,19.0,0.2105263157894736,75.237,75.19,109.015,98.99633333333334,98.99633333333334,101.564,100.15777999999979,1.4062200000002036
LEC,Ferrari,MEDIUM,68.0,22.0,484.0,3.0,3.0,1,0,1,0.8717948717948718,29.0,0.6551724137931034,75.269,75.47,74.925,75.07833333333333,75.1738,75.636,74.98888999999984,0.6471100000001542
STR,Aston Martin,HARD,34.0,18.0,324.0,2.0,16.0,1,0,1,0.4358974358974359,47.0,0.3617021276595745,78.58,78.116,78.23,79.483,79.7628,80.199,78.99306333333325,1.2059366666667444
RUS,Mercedes,HARD,24.0,24.0,576.0,1.0,12.0,1,0,1,0.3076923076923077,53.0,0.4528301886792453,78.479,78.865,76.9,77.32533333333333,78.0236,76.935,77.48397000000006,-0.5489700000000539
VER,Red Bull Racing,MEDIUM,30.0,2.0,4.0,2.0,4.0,1,0,1,0.3846153846153846,49.0,0.0408163265306122,75.291,76.63900000000001,78.571,82.51499999999999,79.8016,75.074,75.41551666666659,-0.3415166666665925
RUS,Mercedes,HARD,72.0,4.0,16.0,3.0,11.0,1,0,1,0.9230769230769232,8.0,0.5,78.479,78.865,74.053,75.49166666666666,78.207,73.865,74.3803033333334,-0.5153033333334065
VER,Red Bull Racing,MEDIUM,68.0,40.0,1600.0,2.0,1.0,1,0,1,0.8717948717948718,49.0,0.8163265306122449,75.291,76.63900000000001,75.551,75.29566666666666,75.24300000000001,76.273,75.50509000000001,0.7679099999999863
RUS,Mercedes,HARD,69.0,1.0,1.0,3.0,11.0,1,1,1,0.8846153846153846,8.0,0.125,78.479,78.865,91.077,79.49266666666666,77.32440000000001,78.119,79.31268333333313,-1.1936833333331265
HAD,Racing Bulls,HARD,40.0,22.0,484.0,3.0,6.0,1,0,1,0.5128205128205128,58.0,0.3620689655172414,77.2385,77.0135,76.92,76.57966666666667,76.4152,77.025,77.18302999999995,-0.15802999999993972
BEA,Haas F1 Team,MEDIUM,63.0,46.0,2116.0,3.0,15.0,1,0,1,0.8076923076923077,59.0,0.7796610169491526,78.369,77.648,78.364,78.58266666666667,78.6038,78.836,78.76623,0.06977000000000544
VER,Red Bull Racing,MEDIUM,50.0,22.0,484.0,2.0,1.0,1,0,1,0.6410256410256411,49.0,0.4489795918367347,75.291,76.63900000000001,74.261,74.55266666666667,74.55699999999999,74.426,74.62114666666666,-0.19514666666665903
RUS,Mercedes,HARD,5.0,5.0,25.0,1.0,13.0,1,0,1,0.0641025641025641,53.0,0.0943396226415094,78.479,78.865,96.667,105.60766666666666,102.725,80.576,80.58639000000018,-0.01039000000018575
STR,Aston Martin,HARD,23.0,7.0,49.0,2.0,18.0,1,0,1,0.2948717948717949,47.0,0.1276595744680851,78.58,78.116,76.673,76.671,77.23140000000001,76.579,77.0814533333334,-0.5024533333334062
OCO,Haas F1 Team,HARD,72.0,44.0,1936.0,3.0,7.0,1,0,1,0.9230769230769232,49.0,0.8979591836734694,77.3325,77.648,76.828,76.96066666666667,77.15,76.768,76.74764999999987,0.020350000000135537
BEA,Haas F1 Team,MEDIUM,50.0,33.0,1089.0,3.0,15.0,1,0,1,0.6410256410256411,59.0,0.559322033898305,78.369,77.648,77.921,78.988,79.06300000000002,79.103,78.40399000000012,0.6990099999998733
LAW,Racing Bulls,MEDIUM,31.0,31.0,961.0,1.0,10.0,1,1,1,0.3974358974358974,31.0,1.0,76.82400000000001,77.0135,76.607,76.74966666666666,76.949,93.531,94.0116166666667,-0.4806166666666911
LAW,Racing Bulls,SOFT,40.0,12.0,144.0,2.0,8.0,1,1,1,0.5128205128205128,9.0,1.0,76.82400000000001,77.0135,75.8,75.88466666666666,76.77340000000001,92.467,92.43417000000004,0.0328299999999615
STR,Aston Martin,HARD,32.0,16.0,256.0,2.0,16.0,1,0,1,0.4102564102564102,47.0,0.3191489361702128,78.58,78.116,79.721,80.02866666666667,78.877,80.498,79.50547666666667,0.9925233333333381
BOR,Kick Sauber,HARD,16.0,15.0,225.0,2.0,17.0,1,0,1,0.2051282051282051,25.0,0.6,78.214,78.33349999999999,78.647,78.73866666666667,78.0552,80.378,78.86489333333327,1.5131066666667294
SAI,Williams,HARD,11.0,11.0,121.0,1.0,11.0,21,0,0,0.141025641025641,48.0,0.2291666666666666,77.064,77.07499999999999,81.668,81.90833333333335,81.6716,79.43,79.89597333333309,-0.465973333333082
STR,Aston Martin,HARD,18.0,2.0,4.0,2.0,18.0,1,1,1,0.2307692307692307,47.0,0.0212765957446808,78.58,78.116,97.825,85.87266666666666,83.0954,79.563,78.59427666666647,0.9687233333335286
ALB,Williams,HARD,58.0,18.0,324.0,3.0,11.0,1,0,1,0.7435897435897436,36.0,0.5,77.086,77.07499999999999,76.136,77.46033333333332,77.8346,75.795,76.28462999999992,-0.4896299999999201
OCO,Haas F1 Team,MEDIUM,17.0,5.0,25.0,2.0,8.0,1,1,1,0.2179487179487179,12.0,0.0833333333333333,77.3325,77.648,94.94,82.65666666666668,80.5138,78.801,79.94906666666665,-1.1480666666666508
BEA,Haas F1 Team,MEDIUM,73.0,56.0,3136.0,3.0,12.0,1,0,1,0.935897435897436,59.0,0.9491525423728814,78.369,77.648,75.427,75.94600000000001,76.3254,75.355,75.48851666666667,-0.13351666666666517
HUL,Kick Sauber,SOFT,57.0,13.0,169.0,3.0,18.0,1,0,1,0.7307692307692307,32.0,0.40625,78.508,78.33349999999999,77.976,78.65733333333333,79.1952,78.661,78.92307333333329,-0.26207333333329075
TSU,Red Bull Racing,HARD,46.0,45.0,2025.0,2.0,13.0,1,0,1,0.5897435897435898,72.0,0.625,78.811,76.63900000000001,79.266,78.71433333333333,78.3414,79.246,79.52516333333332,-0.27916333333332943
VER,Red Bull Racing,MEDIUM,70.0,42.0,1764.0,2.0,1.0,1,0,1,0.8974358974358975,49.0,0.8571428571428571,75.291,76.63900000000001,76.063,75.96233333333333,75.6446,75.812,76.17338000000011,-0.3613800000001106
LAW,Racing Bulls,HARD,56.0,17.0,289.0,3.0,8.0,1,0,1,0.717948717948718,37.0,0.4324324324324324,76.82400000000001,77.0135,75.597,75.42466666666667,75.41,76.96,75.65362999999999,1.3063700000000011
TSU,Red Bull Racing,HARD,38.0,37.0,1369.0,2.0,13.0,1,0,1,0.4871794871794871,72.0,0.5138888888888888,78.811,76.63900000000001,78.933,79.38233333333334,78.961,78.168,78.3914366666668,-0.2234366666667995
HUL,Kick Sauber,HARD,26.0,14.0,196.0,2.0,15.0,1,0,1,0.3333333333333333,32.0,0.4375,78.508,78.33349999999999,77.538,77.38333333333334,77.5618,78.724,77.80610666666668,0.9178933333333248
ALO,Aston Martin,HARD,13.0,14.0,196.0,1.0,6.0,1,0,1,0.1666666666666666,16.0,0.8125,77.033,78.116,77.319,78.31833333333334,79.24860000000001,76.411,77.03927999999996,-0.6282799999999611
OCO,Haas F1 Team,MEDIUM,5.0,5.0,25.0,1.0,8.0,1,0,1,0.0641025641025641,16.0,0.3125,77.3325,77.648,95.23,105.31466666666668,101.4675,80.666,80.53812666666674,0.12787333333325535
ANT,Mercedes,HARD,15.0,15.0,225.0,1.0,13.0,1,0,1,0.1923076923076923,69.0,0.217391304347826,78.9175,78.865,79.075,79.24366666666667,79.8296,79.858,79.87573666666643,-0.017736666666422707
VER,Red Bull Racing,HARD,9.0,9.0,81.0,1.0,4.0,2,0,0,0.1153846153846153,28.0,0.3214285714285714,75.291,76.63900000000001,77.714,78.89766666666667,83.55659999999999,81.205,79.96006333333334,1.2449366666666606
HAD,Racing Bulls,HARD,50.0,32.0,1024.0,3.0,6.0,1,0,1,0.6410256410256411,58.0,0.5344827586206896,77.2385,77.0135,78.076,77.552,78.0354,77.235,78.0539633333334,-0.8189633333334001
BOR,Kick Sauber,HARD,15.0,14.0,196.0,2.0,17.0,1,0,1,0.1923076923076923,25.0,0.56,78.214,78.33349999999999,78.481,78.45766666666667,77.6822,78.647,78.90899999999989,-0.26199999999988677
BOR,Kick Sauber,MEDIUM,54.0,19.0,361.0,4.0,17.0,1,0,1,0.6923076923076923,41.0,0.4634146341463415,78.214,78.33349999999999,79.965,80.49066666666666,79.9124,78.704,78.9798133333332,-0.275813333333204
OCO,Haas F1 Team,MEDIUM,15.0,15.0,225.0,1.0,7.0,1,0,1,0.1923076923076923,16.0,0.9375,77.3325,77.648,76.453,77.01733333333334,77.7402,76.577,76.78611666666677,-0.2091166666667732
HAD,Racing Bulls,HARD,28.0,10.0,100.0,3.0,7.0,1,0,1,0.358974358974359,58.0,0.1551724137931034,77.2385,77.0135,76.482,77.313,77.462,76.441,76.82683666666654,-0.3858366666665347
VER,Red Bull Racing,MEDIUM,65.0,37.0,1369.0,2.0,1.0,1,0,1,0.8333333333333334,49.0,0.7551020408163265,75.291,76.63900000000001,75.24,75.15266666666666,75.122,75.122,75.32077666666666,-0.19877666666666016
RUS,Mercedes,HARD,39.0,39.0,1521.0,1.0,11.0,1,0,1,0.5,53.0,0.7358490566037735,78.479,78.865,78.468,79.115,79.1,78.865,78.79693000000015,0.06806999999984953
TSU,Red Bull Racing,HARD,41.0,40.0,1600.0,2.0,13.0,1,0,1,0.5256410256410257,72.0,0.5555555555555556,78.811,76.63900000000001,78.913,78.65333333333335,78.7676,78.272,78.53187666666678,-0.25987666666677
OCO,Haas F1 Team,HARD,35.0,7.0,49.0,3.0,8.0,1,0,1,0.4487179487179487,49.0,0.1428571428571428,77.3325,77.648,75.157,75.29333333333334,75.4212,75.846,75.19915666666647,0.6468433333335355
HUL,Kick Sauber,HARD,27.0,15.0,225.0,2.0,15.0,1,0,1,0.3461538461538461,32.0,0.46875,78.508,78.33349999999999,78.724,77.77233333333334,77.6766,79.472,78.95095999999987,0.5210400000001272
ANT,Mercedes,HARD,20.0,20.0,400.0,1.0,13.0,1,0,1,0.2564102564102564,69.0,0.2898550724637681,78.9175,78.865,79.624,80.31400000000001,80.309,78.842,78.87857,-0.03656999999999755
HAD,Racing Bulls,SOFT,16.0,5.0,25.0,2.0,7.0,1,0,1,0.2051282051282051,5.0,0.4,77.2385,77.0135,79.771,83.64366666666666,81.298,75.981,77.29089999999995,-1.3098999999999563
LAW,Racing Bulls,MEDIUM,11.0,11.0,121.0,1.0,9.0,21,0,0,0.141025641025641,31.0,0.3548387096774194,76.82400000000001,77.0135,81.421,82.10733333333333,81.8742,79.348,79.44444999999995,-0.09644999999994752
BEA,Haas F1 Team,MEDIUM,40.0,23.0,529.0,3.0,16.0,1,0,1,0.5128205128205128,59.0,0.3898305084745763,78.369,77.648,78.791,78.66966666666667,78.6148,78.768,78.47196333333338,0.2960366666666232
ANT,Mercedes,HARD,5.0,5.0,25.0,1.0,14.0,1,0,1,0.0641025641025641,69.0,0.072463768115942,78.9175,78.865,96.575,105.618,102.89375,80.377,80.50458000000013,-0.1275800000001368
LEC,Ferrari,MEDIUM,78.0,32.0,1024.0,3.0,2.0,1,0,1,1.0,29.0,1.0,75.269,75.47,76.11,76.13866666666667,76.2026,75.369,75.78766,-0.4186600000000027
NOR,McLaren,HARD,54.0,4.0,16.0,3.0,2.0,1,0,1,0.6923076923076923,28.0,0.1428571428571428,75.237,75.19,75.848,76.37466666666667,79.3402,76.308,75.46941,0.8385900000000106
ANT,Mercedes,HARD,66.0,66.0,4356.0,1.0,12.0,1,0,1,0.8461538461538461,69.0,0.9565217391304348,78.9175,78.865,77.696,78.34566666666666,78.41499999999999,77.398,77.21238333333353,0.18561666666646204
HAD,Racing Bulls,SOFT,19.0,8.0,64.0,2.0,8.0,1,1,1,0.2435897435897435,5.0,1.0,77.2385,77.0135,76.372,76.51466666666666,80.67739999999999,93.324,93.96948333333333,-0.6454833333333312
VER,Red Bull Racing,HARD,21.0,21.0,441.0,1.0,2.0,1,0,1,0.2692307692307692,28.0,0.75,75.291,76.63900000000001,75.233,75.22699999999999,75.2408,75.248,75.27132333333346,-0.023323333333451046
SAI,Williams,HARD,8.0,8.0,64.0,1.0,11.0,12,0,0,0.1025641025641025,48.0,0.1666666666666666,77.064,77.07499999999999,81.577,81.07100000000001,89.6814,80.384,81.08216333333338,-0.6981633333333832
RUS,Mercedes,HARD,13.0,13.0,169.0,1.0,12.0,1,0,1,0.1666666666666666,53.0,0.2452830188679245,78.479,78.865,79.726,80.36,81.05260000000001,78.901,79.20831666666659,-0.3073166666665941
TSU,Red Bull Racing,HARD,26.0,25.0,625.0,2.0,14.0,1,0,1,0.3333333333333333,72.0,0.3472222222222222,78.811,76.63900000000001,78.413,77.45733333333334,77.5304,79.53,78.65720999999981,0.8727900000001938
VER,Red Bull Racing,MEDIUM,67.0,39.0,1521.0,2.0,1.0,1,0,1,0.8589743589743589,49.0,0.7959183673469388,75.291,76.63900000000001,75.214,75.19200000000001,75.1588,75.551,75.29073000000001,0.26026999999999134
ALB,Williams,MEDIUM,33.0,9.0,81.0,2.0,10.0,1,1,1,0.4230769230769231,8.0,0.125,77.086,77.07499999999999,92.994,82.25066666666667,80.0844,82.236,80.04433333333331,2.1916666666666913
BEA,Haas F1 Team,MEDIUM,29.0,12.0,144.0,3.0,17.0,1,0,1,0.3717948717948718,59.0,0.2033898305084746,78.369,77.648,77.126,77.38666666666667,77.51700000000001,81.565,77.71005333333342,3.854946666666578
NOR,McLaren,HARD,66.0,16.0,256.0,3.0,2.0,1,0,1,0.8461538461538461,28.0,0.5714285714285714,75.237,75.19,75.478,75.36399999999999,75.36099999999999,74.968,75.37324,-0.40523999999999205
NOR,McLaren,HARD,37.0,18.0,324.0,2.0,1.0,1,0,1,0.4743589743589743,31.0,0.5806451612903226,75.237,75.19,74.785,74.55266666666667,74.6022,74.67,74.76959333333319,-0.0995933333331891
LAW,Racing Bulls,HARD,76.0,37.0,1369.0,3.0,8.0,1,0,1,0.9743589743589745,37.0,0.972972972972973,76.82400000000001,77.0135,76.757,76.80666666666667,76.773,76.028,76.67577999999995,-0.6477799999999405
STR,Aston Martin,HARD,2.0,3.0,9.0,1.0,16.0,6,0,0,0.0256410256410256,17.0,0.1176470588235294,78.58,78.116,98.018,98.018,98.018,109.806,111.02994333333336,-1.2239433333333665
COL,Alpine,MEDIUM,24.0,18.0,324.0,2.0,17.0,1,0,1,0.3076923076923077,13.0,0.8461538461538461,78.351,78.36500000000001,77.626,77.88266666666668,78.35900000000001,77.233,77.33636333333335,-0.10336333333334835
BEA,Haas F1 Team,HARD,7.0,6.0,36.0,2.0,19.0,1,0,1,0.0897435897435897,16.0,0.375,78.369,77.648,74.855,77.51933333333334,90.7092,75.058,75.38242666666657,-0.32442666666656805
COL,Alpine,MEDIUM,33.0,7.0,49.0,3.0,19.0,1,0,1,0.4230769230769231,50.0,0.14,78.351,78.36500000000001,79.845,77.05000000000001,77.0398,78.528,78.75831999999997,-0.23031999999996344
TSU,Red Bull Racing,HARD,49.0,48.0,2304.0,2.0,13.0,1,0,1,0.6282051282051282,72.0,0.6666666666666666,78.811,76.63900000000001,78.979,79.476,79.3042,77.998,78.45503333333335,-0.4570333333333423
PIA,McLaren,HARD,33.0,13.0,169.0,2.0,3.0,1,0,1,0.4230769230769231,28.0,0.4642857142857143,75.113,75.19,76.822,75.80833333333334,75.54339999999999,76.325,75.76566333333322,0.5593366666667805
LAW,Racing Bulls,MEDIUM,29.0,29.0,841.0,1.0,8.0,1,0,1,0.3717948717948718,31.0,0.935483870967742,76.82400000000001,77.0135,76.902,77.13266666666668,77.14000000000001,76.74,76.79241333333316,-0.05241333333316334
